{"sections":{"main-collection-banner":{"type":"main-collection-banner","settings":{"show_collection_description":true,"show_collection_image":false,"color_scheme":"background-1"}},"main-collection-product-grid":{"type":"main-collection-product-grid","settings":{"products_per_page":16,"columns_desktop":4,"color_scheme":"background-1","image_ratio":"portrait","image_shape":"default","show_secondary_image":false,"show_vendor":false,"show_rating":false,"enable_quick_add":false,"enable_filtering":true,"filter_type":"horizontal","enable_sorting":true,"columns_mobile":"2","padding_top":20,"padding_bottom":68}},"multicolumn_yJfdc7":{"type":"multicolumn","blocks":{"column_HmPXPw":{"type":"column","settings":{"image":"shopify:\/\/shop_images\/SeekPng.com_vegan-png_2649818.png","title":"Vegan","text":"<p>Every soap batch is handmade, and we have new designs every month so you never get bored of bath time!<\/p>","link_label":"","link":""}},"column_drXyRG":{"type":"column","settings":{"image":"shopify:\/\/shop_images\/Pngtree_green_and_yellow_grainy_mixed_5540160.png","title":"Small Batches","text":"<ul><li>We make our soaps by hand in super small batches, so every single bar gets the love it and attention it needs!<\/li><li><\/li><\/ul>","link_label":"","link":""}},"column_nKBRCd":{"type":"column","settings":{"image":"shopify:\/\/shop_images\/f2e3dd_0aebc2f9602343ff84a09e602ceba20a_mv2.png","title":"Family Promise","text":"<p>We send our soap scraps to a local shelter, an incredible non-profit. Find out more <\/p>","link_label":"Find Our More","link":""}},"column_bUiNxG":{"type":"column","settings":{"image":"shopify:\/\/shop_images\/Pngtree_vitamin_water_drops_and_yellow_6870746.png","title":"Quality Ingredients","text":"<p>We take great pride in sourcing our ingredients and raw materials and love supporting fellow small shops!<\/p>","link_label":"","link":""}}},"block_order":["column_HmPXPw","column_drXyRG","column_nKBRCd","column_bUiNxG"],"settings":{"title":"Multicolumn","heading_size":"h1","image_width":"third","image_ratio":"adapt","columns_desktop":4,"column_alignment":"center","background_style":"primary","button_label":"Button label","button_link":"","color_scheme":"accent-2","columns_mobile":"1","swipe_on_mobile":false,"padding_top":36,"padding_bottom":36}}},"order":["main-collection-banner","main-collection-product-grid","multicolumn_yJfdc7"]}