{
  "sections": {
    "rich_text": {
      "type": "rich-text",
      "blocks": {
        "heading": {
          "type": "heading",
          "settings": {
            "heading": "Browse our latest products",
            "heading_size": "h1"
          }
        }
      },
      "block_order": [
        "heading"
      ],
      "settings": {
        "desktop_content_position": "center",
        "content_alignment": "center",
        "color_scheme": "scheme-59561121-10b7-4284-aeac-5ef03ffa10f2",
        "full_width": true,
        "padding_top": 28,
        "padding_bottom": 12
      }
    },
    "collage-0": {
      "type": "collage",
      "custom_css": [],
      "settings": {
        "heading": "Shop All Soaps – Only $6 Each! Bundle 3 for $15 or 4 for $20!",
        "heading_size": "h2",
        "desktop_layout": "right",
        "mobile_layout": "collage",
        "card_styles": "product-card-wrapper",
        "color_scheme": "scheme-1c97b565-89aa-4dc2-8068-a642ad0a1770",
        "padding_top": 16,
        "padding_bottom": 4
      }
    },
    "featured-collection": {
      "type": "featured-collection",
      "settings": {
        "title": "",
        "heading_size": "h2",
        "description": "",
        "show_description": false,
        "description_style": "body",
        "collection": "artisan-soap",
        "products_to_show": 4,
        "columns_desktop": 4,
        "full_width": false,
        "show_view_all": true,
        "view_all_style": "outline",
        "enable_desktop_slider": true,
        "color_scheme": "scheme-59561121-10b7-4284-aeac-5ef03ffa10f2",
        "image_ratio": "square",
        "image_shape": "default",
        "show_secondary_image": false,
        "show_vendor": false,
        "show_rating": true,
        "enable_quick_add": true,
        "columns_mobile": "2",
        "swipe_on_mobile": true,
        "padding_top": 20,
        "padding_bottom": 68
      }
    },
    "featured_collection_JbR8zT": {
      "type": "featured-collection",
      "settings": {
        "title": "<strong>Heal Your Body with Soap & Stones – Natural Cleansing & Energy Balance<\/strong>",
        "heading_size": "h2",
        "description": "",
        "show_description": false,
        "description_style": "body",
        "collection": "carro-brand-partnerships",
        "products_to_show": 4,
        "columns_desktop": 4,
        "full_width": false,
        "show_view_all": true,
        "view_all_style": "outline",
        "enable_desktop_slider": true,
        "color_scheme": "scheme-59561121-10b7-4284-aeac-5ef03ffa10f2",
        "image_ratio": "square",
        "image_shape": "default",
        "show_secondary_image": false,
        "show_vendor": false,
        "show_rating": true,
        "enable_quick_add": true,
        "columns_mobile": "2",
        "swipe_on_mobile": true,
        "padding_top": 20,
        "padding_bottom": 68
      }
    },
    "multicolumn_iHegja": {
      "type": "multicolumn",
      "blocks": {
        "column_QdHbBN": {
          "type": "column",
          "settings": {
            "image": "shopify:\/\/shop_images\/SeekPng.com_vegan-png_2649818.png",
            "title": "All Vegan Oils",
            "text": "<p>Every soap batch is handmade, with rich vegan oils from a woman owned buiness in the USA. We nver use lards from animals<\/p>",
            "link_label": "",
            "link": ""
          }
        },
        "column_NWQRHt": {
          "type": "column",
          "settings": {
            "image": "shopify:\/\/shop_images\/Pngtree_green_and_yellow_grainy_mixed_5540160.png",
            "title": "Small Batches",
            "text": "<p>We make our soaps by hand in super small batches, so every single bar gets the love it and attention it needs!<\/p>",
            "link_label": "",
            "link": ""
          }
        },
        "column_QeyhCX": {
          "type": "column",
          "settings": {
            "image": "shopify:\/\/shop_images\/f2e3dd_0aebc2f9602343ff84a09e602ceba20a_mv2.png",
            "title": "Family Promise",
            "text": "<p>We send our soap scraps to a local shelter, an incredible non-profit. Find out more<\/p>",
            "link_label": "Find out more",
            "link": "https:\/\/www.familypromisebutlercountyoh.org\/"
          }
        },
        "column_DaYwKe": {
          "type": "column",
          "settings": {
            "image": "shopify:\/\/shop_images\/36050600_1917700165194858_8253549064000372736_n.jpg",
            "title": "LOCAL INGREDIENTS",
            "text": "<p>We take great pride in sourcing our ingredients and raw materials and love supporting fellow small shops! Like HOME FIELD honey here local in Hamilton,  Ohio!<\/p>",
            "link_label": "Find out more",
            "link": "https:\/\/www.facebook.com\/HomeFieldHoney"
          }
        }
      },
      "block_order": [
        "column_QdHbBN",
        "column_NWQRHt",
        "column_QeyhCX",
        "column_DaYwKe"
      ],
      "custom_css": [],
      "settings": {
        "title": "A Family-Owned Small Business With A Mission to Inspire Your Bath Time moments!",
        "heading_size": "h1",
        "image_width": "third",
        "image_ratio": "adapt",
        "columns_desktop": 4,
        "column_alignment": "center",
        "background_style": "primary",
        "button_label": "",
        "button_link": "",
        "color_scheme": "scheme-1c97b565-89aa-4dc2-8068-a642ad0a1770",
        "columns_mobile": "1",
        "swipe_on_mobile": false,
        "padding_top": 36,
        "padding_bottom": 36
      }
    },
    "slideshow_djApch": {
      "type": "slideshow",
      "blocks": {
        "slide_FxeaqH": {
          "type": "slide",
          "settings": {
            "image": "shopify:\/\/shop_images\/SOAPYFLUFFS_TAGUS.png",
            "heading": "",
            "heading_size": "h1",
            "subheading": "",
            "button_label": "",
            "link": "{{ shop.brand.favicon_url }}",
            "button_style_secondary": false,
            "box_align": "middle-center",
            "show_text_box": false,
            "text_alignment": "center",
            "image_overlay_opacity": 0,
            "color_scheme": "",
            "text_alignment_mobile": "center"
          }
        }
      },
      "block_order": [
        "slide_FxeaqH"
      ],
      "custom_css": [],
      "settings": {
        "layout": "grid",
        "slide_height": "medium",
        "slider_visual": "counter",
        "auto_rotate": false,
        "change_slides_speed": 9,
        "image_behavior": "none",
        "show_text_below": true,
        "accessibility_info": ""
      }
    }
  },
  "order": [
    "rich_text",
    "collage-0",
    "featured-collection",
    "featured_collection_JbR8zT",
    "multicolumn_iHegja",
    "slideshow_djApch"
  ]
}
