{
  "sections": {
    "main": {
      "type": "main-product",
      "blocks": {
        "text": {
          "type": "text",
          "settings": {
            "text": "{{ product.vendor }}",
            "text_style": "body"
          }
        },
        "title": {
          "type": "title",
          "settings": {}
        },
        "price": {
          "type": "price",
          "settings": {}
        },
        "variant_picker": {
          "type": "variant_picker",
          "settings": {
            "picker_type": "button",
            "swatch_shape": "circle"
          }
        },
        "quantity_selector": {
          "type": "quantity_selector",
          "settings": {}
        },
        "buy_buttons": {
          "type": "buy_buttons",
          "settings": {
            "show_dynamic_checkout": true,
            "show_gift_card_recipient": true
          }
        },
        "description": {
          "type": "description",
          "settings": {}
        },
        "share": {
          "type": "share",
          "settings": {
            "share_label": "Share"
          }
        },
        "judge_me_reviews_preview_badge_XUyg9V": {
          "type": "shopify:\/\/apps\/judge-me-reviews\/blocks\/preview_badge\/61ccd3b1-a9f2-4160-9fe9-4fec8413e5d8",
          "settings": {}
        }
      },
      "block_order": [
        "text",
        "title",
        "price",
        "variant_picker",
        "quantity_selector",
        "buy_buttons",
        "description",
        "share",
        "judge_me_reviews_preview_badge_XUyg9V"
      ],
      "settings": {
        "enable_sticky_info": true,
        "color_scheme": "background-1",
        "media_size": "medium",
        "constrain_to_viewport": true,
        "media_fit": "contain",
        "gallery_layout": "stacked",
        "media_position": "left",
        "image_zoom": "lightbox",
        "mobile_thumbnails": "hide",
        "hide_variants": false,
        "enable_video_looping": false,
        "padding_top": 36,
        "padding_bottom": 44
      }
    },
    "related-products": {
      "type": "related-products",
      "settings": {
        "heading": "You may also like",
        "heading_size": "h2",
        "products_to_show": 4,
        "columns_desktop": 4,
        "color_scheme": "background-1",
        "image_ratio": "square",
        "image_shape": "default",
        "show_secondary_image": false,
        "show_vendor": false,
        "show_rating": false,
        "columns_mobile": "2",
        "padding_top": 36,
        "padding_bottom": 68
      }
    },
    "1709703131ec1102da": {
      "type": "apps",
      "blocks": {
        "judge_me_reviews_review_widget_6aPwHK": {
          "type": "shopify:\/\/apps\/judge-me-reviews\/blocks\/review_widget\/61ccd3b1-a9f2-4160-9fe9-4fec8413e5d8",
          "settings": {}
        }
      },
      "block_order": [
        "judge_me_reviews_review_widget_6aPwHK"
      ],
      "settings": {
        "include_margins": true
      }
    },
    "1715914344d83c957e": {
      "type": "apps",
      "blocks": {
        "judge_me_reviews_review_widget_6FCkUw": {
          "type": "shopify:\/\/apps\/judge-me-reviews\/blocks\/review_widget\/61ccd3b1-a9f2-4160-9fe9-4fec8413e5d8",
          "settings": {}
        }
      },
      "block_order": [
        "judge_me_reviews_review_widget_6FCkUw"
      ],
      "settings": {
        "include_margins": true
      }
    }
  },
  "order": [
    "main",
    "related-products",
    "1709703131ec1102da",
    "1715914344d83c957e"
  ]
}
