{"current":{"logo":"shopify:\/\/shop_images\/Soapyfluffs_-_Logo_New_Teal.svg","logo_width":210,"favicon":"shopify:\/\/shop_images\/Soapyfluffs_-_Logo_New_Teal.svg","type_header_font":"americana_n4","heading_scale":125,"type_body_font":"quattrocento_sans_n4","body_scale":100,"page_width":1200,"spacing_sections":0,"spacing_grid_horizontal":20,"spacing_grid_vertical":20,"animations_reveal_on_scroll":true,"animations_hover_elements":"none","buttons_border_thickness":1,"buttons_border_opacity":100,"buttons_radius":6,"buttons_shadow_opacity":0,"buttons_shadow_horizontal_offset":0,"buttons_shadow_vertical_offset":4,"buttons_shadow_blur":5,"variant_pills_border_thickness":1,"variant_pills_border_opacity":55,"variant_pills_radius":40,"variant_pills_shadow_opacity":0,"variant_pills_shadow_horizontal_offset":0,"variant_pills_shadow_vertical_offset":4,"variant_pills_shadow_blur":5,"inputs_border_thickness":1,"inputs_border_opacity":55,"inputs_radius":6,"inputs_shadow_opacity":0,"inputs_shadow_horizontal_offset":0,"inputs_shadow_vertical_offset":4,"inputs_shadow_blur":5,"card_style":"card","card_image_padding":0,"card_text_alignment":"left","card_color_scheme":"background-1","card_border_thickness":1,"card_border_opacity":10,"card_corner_radius":6,"card_shadow_opacity":0,"card_shadow_horizontal_offset":0,"card_shadow_vertical_offset":4,"card_shadow_blur":5,"collection_card_style":"card","collection_card_image_padding":0,"collection_card_text_alignment":"left","collection_card_color_scheme":"background-1","collection_card_border_thickness":1,"collection_card_border_opacity":10,"collection_card_corner_radius":6,"collection_card_shadow_opacity":0,"collection_card_shadow_horizontal_offset":0,"collection_card_shadow_vertical_offset":4,"collection_card_shadow_blur":5,"blog_card_style":"standard","blog_card_image_padding":0,"blog_card_text_alignment":"left","blog_card_color_scheme":"accent-1","blog_card_border_thickness":1,"blog_card_border_opacity":10,"blog_card_corner_radius":6,"blog_card_shadow_opacity":0,"blog_card_shadow_horizontal_offset":0,"blog_card_shadow_vertical_offset":4,"blog_card_shadow_blur":5,"text_boxes_border_thickness":0,"text_boxes_border_opacity":10,"text_boxes_radius":6,"text_boxes_shadow_opacity":0,"text_boxes_shadow_horizontal_offset":0,"text_boxes_shadow_vertical_offset":4,"text_boxes_shadow_blur":5,"media_border_thickness":0,"media_border_opacity":10,"media_radius":6,"media_shadow_opacity":0,"media_shadow_horizontal_offset":0,"media_shadow_vertical_offset":4,"media_shadow_blur":5,"popup_border_thickness":1,"popup_border_opacity":50,"popup_corner_radius":6,"popup_shadow_opacity":0,"popup_shadow_horizontal_offset":0,"popup_shadow_vertical_offset":4,"popup_shadow_blur":5,"drawer_border_thickness":1,"drawer_border_opacity":10,"drawer_shadow_opacity":0,"drawer_shadow_horizontal_offset":0,"drawer_shadow_vertical_offset":4,"drawer_shadow_blur":5,"badge_position":"bottom left","badge_corner_radius":6,"sale_badge_color_scheme":"accent-2","sold_out_badge_color_scheme":"accent-1","brand_headline":"","brand_description":"","brand_image_width":100,"social_facebook_link":"","social_instagram_link":"http:\/\/www.instagram.com\/soapyfluffs","social_youtube_link":"http:\/\/www.youtube.com\/@soapyfluffs","social_tiktok_link":"http:\/\/www.tiktok.com\/soapyfluffs","social_twitter_link":"http:\/\/www.twitter.com\/soapyfluffs","social_snapchat_link":"","social_pinterest_link":"http:\/\/www.pinterest.com\/soapyfluffs","social_tumblr_link":"","social_vimeo_link":"","predictive_search_enabled":true,"predictive_search_show_vendor":false,"predictive_search_show_price":true,"currency_code_enabled":true,"cart_type":"notification","show_vendor":false,"show_cart_note":false,"cart_drawer_collection":"","cart_color_scheme":"background-1","sections":{"main-password-header":{"type":"main-password-header","settings":{"color_scheme":"background-1"}},"main-password-footer":{"type":"main-password-footer","settings":{"color_scheme":"background-1"}}},"content_for_index":[],"blocks":{"6174324309569838175":{"type":"shopify:\/\/apps\/smile-loyalty-rewards\/blocks\/smile-shopify-app\/2fae4e25-1841-4ea2-bc02-bd548478c4f6","disabled":false,"settings":{}},"12526071353035850722":{"type":"shopify:\/\/apps\/back-in-stock-customer-alerts\/blocks\/app-embed\/bfa6a8c4-24e2-411a-9396-e35031b33f34","disabled":false,"settings":{}},"855628211100114053":{"type":"shopify:\/\/apps\/klaviyo-email-marketing-sms\/blocks\/klaviyo-onsite-embed\/2632fe16-c075-4321-a88b-50b567f42507","disabled":false,"settings":{}},"14060646107696862457":{"type":"shopify:\/\/apps\/judge-me-reviews\/blocks\/judgeme_core\/61ccd3b1-a9f2-4160-9fe9-4fec8413e5d8","disabled":false,"settings":{}},"15683396631634586217":{"type":"shopify:\/\/apps\/inbox\/blocks\/chat\/841fc607-4181-4ad1-842d-e24d7f8bad6b","disabled":false,"settings":{"button_color":"#000000","secondary_color":"#ffffff","ternary_color":"#6A6A6A","button_icon":"chat_bubble","button_text":"chat_with_us","button_horizontal_position":"bottom_right","button_vertical_position":"lowest","greeting_message":""}},"6544682535036668446":{"type":"shopify:\/\/apps\/pumper-bundle-qty\/blocks\/app-embed\/0856870d-2aca-4b1e-a662-cf1797f61270","disabled":false,"settings":{}},"6406956604159796213":{"type":"shopify:\/\/apps\/smartseo\/blocks\/smartseo\/7b0a6064-ca2e-4392-9a1d-8c43c942357b","disabled":false,"settings":{}},"4976129024724438625":{"type":"shopify:\/\/apps\/smartseo\/blocks\/brokenLinkDetection\/7b0a6064-ca2e-4392-9a1d-8c43c942357b","disabled":false,"settings":{}},"13768625480086291342":{"type":"shopify:\/\/apps\/forms\/blocks\/forms\/8744a304-fcb1-4347-b211-bb6b4759a76a","disabled":false,"settings":{}},"1232542678405107163":{"type":"shopify:\/\/apps\/instafeed\/blocks\/head-block\/c447db20-095d-4a10-9725-b5977662c9d5","disabled":false,"settings":{}},"3979034072534932226":{"type":"shopify:\/\/apps\/insta-fb-metashop\/blocks\/app-embed\/a2ba3b6f-1992-4528-a81d-226ccc4d2a86","disabled":false,"settings":{}},"11104565113590962351":{"type":"shopify:\/\/apps\/tinyimg-seo-speed\/blocks\/article-json-ld-embed\/0605268f-f7c4-4e95-b560-e43df7d59ae4","disabled":false,"settings":{}},"2353461558643755616":{"type":"shopify:\/\/apps\/tinyimg-seo-speed\/blocks\/breadcrumbs-json-ld-embed\/0605268f-f7c4-4e95-b560-e43df7d59ae4","disabled":false,"settings":{}},"15154131639906026026":{"type":"shopify:\/\/apps\/tinyimg-seo-speed\/blocks\/broken-link-embed\/0605268f-f7c4-4e95-b560-e43df7d59ae4","disabled":false,"settings":{}},"1369284949797581044":{"type":"shopify:\/\/apps\/tinyimg-seo-speed\/blocks\/collection-json-ld-embed\/0605268f-f7c4-4e95-b560-e43df7d59ae4","disabled":false,"settings":{}},"11089864892113081655":{"type":"shopify:\/\/apps\/tinyimg-seo-speed\/blocks\/website-json-ld-embed\/0605268f-f7c4-4e95-b560-e43df7d59ae4","disabled":false,"settings":{}},"1360768219604461044":{"type":"shopify:\/\/apps\/tinyimg-seo-speed\/blocks\/store-json-ld-embed\/0605268f-f7c4-4e95-b560-e43df7d59ae4","disabled":false,"settings":{}},"14971748854670876780":{"type":"shopify:\/\/apps\/tinyimg-seo-speed\/blocks\/product-json-ld-embed\/0605268f-f7c4-4e95-b560-e43df7d59ae4","disabled":false,"settings":{}},"6478312753674380289":{"type":"shopify:\/\/apps\/gempages-builder\/blocks\/embed-gp-script-head\/20b379d4-1b20-474c-a6ca-665c331919f3","disabled":false,"settings":{}},"14327677521557774844":{"type":"shopify:\/\/apps\/simprosys-google-shopping-feed\/blocks\/core_settings_block\/1f0b859e-9fa6-4007-97e8-4513aff5ff3b","disabled":false,"settings":{}},"15084200773526605837":{"type":"shopify:\/\/apps\/omega-instant-search\/blocks\/app-embed\/80a2fd19-fbcc-4a61-820e-86ede4a81b22","disabled":false,"settings":{}},"16803653808412383594":{"type":"shopify:\/\/apps\/ysms-sms-marketing\/blocks\/back_in_stock\/100124b5-2f57-4ba4-97a3-a4d223780a62","disabled":false,"settings":{"button_label":"Notify me when available","title":"Notify me when available","subtitle":"We'll notify you when this product is back in stock","button_label_modal":"Notify me when available","note":"<p>You will receive an SMS notification when the product is back in stock. Subscribing to this notification does not constitute consent to receive marketing SMS<\/p>","success_message":"We will notify you as soon as the product becomes available again.","error_message":"There is an error with your phone number","product_tags":"","target_selector":"","remove_target":true,"background_color":"#FFFFFF","text_color":"#121212","button_color":"#121212","button_label_color":"#FFFFFF","outline_button_color":"#121212","input_label_color":"#121212","input_color":"#ffffff","outline_input_color":"#121212","border_radius_modal":12,"padding_modal":24,"border_radius_button":4,"outline_button_width":1,"border_radius_input":4,"outline_input_width":1,"brand":false}},"7924418359578431505":{"type":"shopify:\/\/apps\/seoant-ai-seo\/blocks\/seoant-core\/8e57283b-dcb0-4f7b-a947-fb5c57a0d59d","disabled":false,"settings":{}}},"color_schemes":{"background-1":{"settings":{"background":"#61b3b3","background_gradient":"","text":"#252525","button":"#2c332f","button_label":"#ffffff","secondary_button_label":"#505655","shadow":"#252525"}},"background-2":{"settings":{"background":"#ffffff","background_gradient":"","text":"#252525","button":"#252525","button_label":"#ffffff","secondary_button_label":"#252525","shadow":"#252525"}},"inverse":{"settings":{"background":"#716a56","background_gradient":"","text":"#efecec","button":"#efecec","button_label":"#716a56","secondary_button_label":"#efecec","shadow":"#252525"}},"accent-1":{"settings":{"background":"#e3ebf0","background_gradient":"linear-gradient(180deg, rgba(255, 211, 226, 1), rgba(168, 255, 251, 1) 100%)","text":"#2c332f","button":"#2c332f","button_label":"#2c332f","secondary_button_label":"#6a6a6a","shadow":"#252525"}},"accent-2":{"settings":{"background":"#3f5147","background_gradient":"","text":"#efecec","button":"#efecec","button_label":"#3f5147","secondary_button_label":"#efecec","shadow":"#252525"}},"scheme-59561121-10b7-4284-aeac-5ef03ffa10f2":{"settings":{"background":"#f5f3ef","background_gradient":"","text":"#1a2639","button":"#1773b0","button_label":"#5d7052","secondary_button_label":"#c45d3e","shadow":"#707070"}},"scheme-28bf25b2-09b7-43fd-b859-c91b230519ab":{"settings":{"background":"#efecec","background_gradient":"","text":"#252525","button":"#2c332f","button_label":"#ffffff","secondary_button_label":"#505655","shadow":"#252525"}},"scheme-0236b1e2-b854-4bb4-a89f-4215befb848c":{"settings":{"background":"#efecec","background_gradient":"radial-gradient(rgba(251, 51, 166, 1), rgba(127, 72, 176, 1) 50%, rgba(48, 145, 211, 1) 100%)","text":"#252525","button":"#2c332f","button_label":"#ffffff","secondary_button_label":"#505655","shadow":"#252525"}},"scheme-ac924985-af76-447f-ab70-f1a88bd1c930":{"settings":{"background":"#efecec","background_gradient":"","text":"#252525","button":"#2c332f","button_label":"#ffffff","secondary_button_label":"#505655","shadow":"#252525"}},"scheme-1c97b565-89aa-4dc2-8068-a642ad0a1770":{"settings":{"background":"#0e1b4d","background_gradient":"","text":"#e3ebf0","button":"#2c332f","button_label":"#ffffff","secondary_button_label":"#505655","shadow":"#252525"}}}},"presets":{"Default":{"logo_width":100,"color_schemes":{"scheme-1":{"settings":{"background":"#EFECEC","background_gradient":"","text":"#252525","button":"#2C332F","button_label":"#FFFFFF","secondary_button_label":"#505655","shadow":"#252525"}},"scheme-2":{"settings":{"background":"#FFFFFF","background_gradient":"","text":"#252525","button":"#252525","button_label":"#FFFFFF","secondary_button_label":"#252525","shadow":"#252525"}},"scheme-3":{"settings":{"background":"#716A56","background_gradient":"","text":"#EFECEC","button":"#EFECEC","button_label":"#716A56","secondary_button_label":"#EFECEC","shadow":"#252525"}},"scheme-4":{"settings":{"background":"#2C332F","background_gradient":"","text":"#EFECEC","button":"#EFECEC","button_label":"#2C332F","secondary_button_label":"#EFECEC","shadow":"#252525"}},"scheme-5":{"settings":{"background":"#3F5147","background_gradient":"","text":"#EFECEC","button":"#EFECEC","button_label":"#3F5147","secondary_button_label":"#EFECEC","shadow":"#252525"}}},"type_header_font":"americana_n4","heading_scale":100,"type_body_font":"quattrocento_sans_n4","body_scale":100,"page_width":1200,"spacing_sections":0,"spacing_grid_horizontal":20,"spacing_grid_vertical":20,"animations_reveal_on_scroll":true,"animations_hover_elements":"none","buttons_border_thickness":1,"buttons_border_opacity":100,"buttons_radius":6,"buttons_shadow_opacity":0,"buttons_shadow_horizontal_offset":0,"buttons_shadow_vertical_offset":4,"buttons_shadow_blur":5,"variant_pills_border_thickness":1,"variant_pills_border_opacity":55,"variant_pills_radius":40,"variant_pills_shadow_opacity":0,"variant_pills_shadow_horizontal_offset":0,"variant_pills_shadow_vertical_offset":4,"variant_pills_shadow_blur":5,"inputs_border_thickness":1,"inputs_border_opacity":55,"inputs_radius":6,"inputs_shadow_opacity":0,"inputs_shadow_horizontal_offset":0,"inputs_shadow_vertical_offset":4,"inputs_shadow_blur":5,"card_style":"card","card_image_padding":0,"card_text_alignment":"left","card_color_scheme":"scheme-1","card_border_thickness":1,"card_border_opacity":10,"card_corner_radius":6,"card_shadow_opacity":0,"card_shadow_horizontal_offset":0,"card_shadow_vertical_offset":4,"card_shadow_blur":5,"collection_card_style":"card","collection_card_image_padding":0,"collection_card_text_alignment":"left","collection_card_color_scheme":"scheme-1","collection_card_border_thickness":1,"collection_card_border_opacity":10,"collection_card_corner_radius":6,"collection_card_shadow_opacity":0,"collection_card_shadow_horizontal_offset":0,"collection_card_shadow_vertical_offset":4,"collection_card_shadow_blur":5,"blog_card_style":"card","blog_card_image_padding":0,"blog_card_text_alignment":"left","blog_card_color_scheme":"scheme-1","blog_card_border_thickness":1,"blog_card_border_opacity":10,"blog_card_corner_radius":6,"blog_card_shadow_opacity":0,"blog_card_shadow_horizontal_offset":0,"blog_card_shadow_vertical_offset":4,"blog_card_shadow_blur":5,"text_boxes_border_thickness":0,"text_boxes_border_opacity":10,"text_boxes_radius":6,"text_boxes_shadow_opacity":0,"text_boxes_shadow_horizontal_offset":0,"text_boxes_shadow_vertical_offset":4,"text_boxes_shadow_blur":5,"media_border_thickness":0,"media_border_opacity":10,"media_radius":6,"media_shadow_opacity":0,"media_shadow_horizontal_offset":0,"media_shadow_vertical_offset":4,"media_shadow_blur":5,"popup_border_thickness":1,"popup_border_opacity":50,"popup_corner_radius":6,"popup_shadow_opacity":0,"popup_shadow_horizontal_offset":0,"popup_shadow_vertical_offset":4,"popup_shadow_blur":5,"drawer_border_thickness":1,"drawer_border_opacity":10,"drawer_shadow_opacity":0,"drawer_shadow_horizontal_offset":0,"drawer_shadow_vertical_offset":4,"drawer_shadow_blur":5,"badge_position":"bottom left","badge_corner_radius":6,"sale_badge_color_scheme":"scheme-5","sold_out_badge_color_scheme":"scheme-4","brand_headline":"","brand_description":"","brand_image_width":100,"social_twitter_link":"","social_facebook_link":"","social_pinterest_link":"","social_instagram_link":"","social_tiktok_link":"","social_tumblr_link":"","social_snapchat_link":"","social_youtube_link":"","social_vimeo_link":"","predictive_search_enabled":true,"predictive_search_show_vendor":false,"predictive_search_show_price":true,"currency_code_enabled":true,"cart_type":"notification","show_vendor":false,"show_cart_note":false,"cart_drawer_collection":"","cart_color_scheme":"scheme-1","sections":{"main-password-header":{"type":"main-password-header","settings":{"color_scheme":"scheme-1"}},"main-password-footer":{"type":"main-password-footer","settings":{"color_scheme":"scheme-1"}}}}},"platform_customizations":{"custom_css":[]}}