{"name":"t:sections.footer.name","type":"footer","sections":{"170527551920f4d4a3":{"type":"apps","blocks":{"judge_me_reviews_featured_carousel_3Biwmb":{"type":"shopify:\/\/apps\/judge-me-reviews\/blocks\/featured_carousel\/61ccd3b1-a9f2-4160-9fe9-4fec8413e5d8","settings":{"maxwidth":1080}}},"block_order":["judge_me_reviews_featured_carousel_3Biwmb"],"settings":{"include_margins":true}},"newsletter":{"type":"newsletter","blocks":{"heading":{"type":"heading","settings":{"heading":"Subscribe to our emails","heading_size":"h1"}},"paragraph":{"type":"paragraph","settings":{"text":"<p>Subscribe to our mailing list for insider news, product launches, and more.<\/p>"}},"email_form":{"type":"email_form","settings":{}}},"block_order":["heading","paragraph","email_form"],"settings":{"color_scheme":"scheme-59561121-10b7-4284-aeac-5ef03ffa10f2","full_width":true,"padding_top":36,"padding_bottom":44}},"footer":{"type":"footer","blocks":{"link_list_aFMgp4":{"type":"link_list","settings":{"heading":"Our Brand Policy's","menu":"footer"}}},"block_order":["link_list_aFMgp4"],"settings":{"color_scheme":"scheme-1c97b565-89aa-4dc2-8068-a642ad0a1770","newsletter_enable":false,"newsletter_heading":"Subscribe to our emails","enable_follow_on_shop":true,"show_social":true,"enable_country_selector":true,"enable_language_selector":true,"payment_enable":true,"show_policy":false,"margin_top":0,"padding_top":0,"padding_bottom":36}}},"order":["170527551920f4d4a3","newsletter","footer"]}