{"name":"t:sections.header.name","type":"header","sections":{"announcement-bar":{"type":"announcement-bar","blocks":{"announcement-bar-0":{"type":"announcement","disabled":true,"settings":{"text":"Check out our new","link":""}}},"block_order":["announcement-bar-0"],"custom_css":["{font-size: 650px;}"],"settings":{"color_scheme":"accent-1","show_line_separator":true,"show_social":false,"auto_rotate":false,"change_slides_speed":9,"enable_country_selector":false,"enable_language_selector":false}},"header":{"type":"header","settings":{"logo_position":"top-center","menu":"main-menu","menu_type_desktop":"dropdown","sticky_header_type":"none","show_line_separator":false,"color_scheme":"scheme-1c97b565-89aa-4dc2-8068-a642ad0a1770","menu_color_scheme":"background-1","enable_country_selector":true,"enable_language_selector":true,"mobile_logo_position":"center","margin_bottom":0,"padding_top":20,"padding_bottom":20}}},"order":["announcement-bar","header"]}